{"cameraMode":{"drawMode":0,"name":"Shaded","section":"Shading Mode"},"sceneLighting":true,"audioPlay":false,"sceneViewState":{"m_AlwaysRefresh":false,"showFog":true,"showSkybox":true,"showFlares":true,"showImageEffects":true,"showParticleSystems":true,"showVisualEffectGraphs":true,"m_FxEnabled":true},"in2DMode":false,"pivot":{"x":10.755570411682129,"y":8.805193901062012,"z":-2.9916725158691408},"rotation":{"x":-0.027164174243807794,"y":0.09758447110652924,"z":-0.0027584112249314787,"w":-0.9947908520698547},"size":2.1251509189605715,"orthographic":false}